{"cameraMode":{"drawMode":0,"name":"Shaded","section":"Shading Mode"},"sceneLighting":false,"audioPlay":false,"sceneViewState":{"m_AlwaysRefresh":false,"showFog":false,"showSkybox":false,"showFlares":false,"showImageEffects":false,"showParticleSystems":false,"showVisualEffectGraphs":true,"m_FxEnabled":true},"in2DMode":false,"pivot":{"x":-0.0003420710563659668,"y":0.8337336778640747,"z":0.00417761504650116},"rotation":{"x":-0.08822707086801529,"y":-0.4786529541015625,"z":0.04841691255569458,"w":-0.8722195625305176},"size":1.2792344093322755,"orthographic":false}